id,luas_lahan,jumlah_pokok,jumlah_tbs,umur,hasil_produksi
1,100,299,600,5,14999
2,123,369,738,5,18450
3,158,474,948,5,23700
4,256,768,1536,6,38400
5,321,963,1926,6,48150
6,243,729,1458,6,36450
7,222,666,1332,7,33300
8,211,633,1265,7,31650
9,198,594,1188,8,29700
10,188,565,1128,8,28200
11,389,1167,2334,8,58350
12,456,1368,2736,9,68400
13,333,993,1988,9,49950
14,444,1332,2664,8,66600
15,567,1709,3402,7,85050
16,323,969,1938,6,48450
17,433,1299,2598,5,64950
18,678,2039,4068,7,101700
19,430,1288,2580,8,64500
20,289,867,1734,7,43350